<?xml version="1.0" encoding="utf-8"?>
<doctrine-mapping xmlns="http://doctrine-project.org/schemas/orm/doctrine-mapping" xmlns:xsi="http://www.w3.org/2001/XMLSchema-instance" xsi:schemaLocation="http://doctrine-project.org/schemas/orm/doctrine-mapping https://www.doctrine-project.org/schemas/orm/doctrine-mapping.xsd">
    <entity name="App\Entity\Charge" table="charge">
        <id name="id" type="integer" column="id">
            <generator strategy="AUTO"/>
        </id>
        <field name="name" type="string" column="name" length="100" nullable="false" />
        <field name="governmentId" type="string" column="government_id" length="14" nullable="false" />
        <field name="email" type="string" column="email" length="50" nullable="false" />
        <field name="debtAmount" type="decimal" precision="10" scale="2" column="debt_amount" nullable="false" />
        <field name="debtDueDate" type="datetime" column="debt_due_date" nullable="false" />
        <field name="debtID" type="string" column="debt_id" length="255" nullable="false" />
        <field name="createdAt" type="datetime" column="created_at" nullable="false"/>

        <many-to-one field="chargeBatchFile" target-entity="App\Entity\ChargeBatchFile" inversed-by="charges">
            <join-column name="charge_batch_file_id" referenced-column-name="id" />
        </many-to-one>
    </entity>
</doctrine-mapping>
