<?xml version="1.0" encoding="utf-8"?>
<doctrine-mapping xmlns="http://doctrine-project.org/schemas/orm/doctrine-mapping" xmlns:xsi="http://www.w3.org/2001/XMLSchema-instance" xsi:schemaLocation="http://doctrine-project.org/schemas/orm/doctrine-mapping https://www.doctrine-project.org/schemas/orm/doctrine-mapping.xsd">
    <entity name="App\Entity\ChargeBatchFile" table="charge_batch_file">
        <id name="id" type="integer" column="id">
            <generator strategy="AUTO"/>
        </id>
        <field name="name" type="string" column="name" length="255" nullable="false">
            <options>
                <option name="fixed"/>
            </options>
        </field>
        <field name="path" type="string" column="path" length="255" nullable="false">
            <options>
                <option name="fixed"/>
            </options>
        </field>
        <field name="status" type="string" column="status" length="255" nullable="false" enum-type="DDD\Model\ChargeBatchFile\ChargeBatchFileStatus">
            <options>
                <option name="fixed"/>
            </options>
        </field>
        <field name="createdAt" type="datetime" column="created_at" nullable="false"/>
        <one-to-many field="charges" target-entity="App\Entity\Charge" mapped-by="chargeBatchFile"/>
    </entity>
</doctrine-mapping>
